SNo,Dashboard,Module,Method,Endpoint,Status
1,Technician,Dashboard Overview,GET,/api/technician/dashboard/summary,Not Started
2,Technician,Dashboard Overview,GET,/api/technician/dashboard/kpis,Not Started
3,Technician,Dashboard Overview,GET,/api/technician/dashboard/upcoming-visits,Not Started
4,Technician,Dashboard Overview,GET,/api/technician/dashboard/alerts,Not Started
5,Technician,Profile & Settings,GET,/api/technician/profile,Not Started
6,Technician,Profile & Settings,PUT,/api/technician/profile,Not Started
7,Technician,Profile & Settings,PUT,/api/technician/profile/password,Not Started
8,Technician,Profile & Settings,GET,/api/technician/settings,Not Started
9,Technician,Profile & Settings,PUT,/api/technician/settings,Not Started
10,Technician,Earnings & Payout,GET,/api/technician/earnings/summary,Not Started
11,Technician,Earnings & Payout,GET,/api/technician/earnings/history,Not Started
12,Technician,Earnings & Payout,GET,/api/technician/payouts,Not Started
13,Technician,Earnings & Payout,POST,/api/technician/payouts/request,Not Started
14,Technician,Earnings & Payout,GET,/api/technician/payouts/{id},Not Started
15,Technician,Bank Accounts,GET,/api/technician/bank-accounts,Not Started
16,Technician,Bank Accounts,POST,/api/technician/bank-accounts,Not Started
17,Technician,Bank Accounts,PUT,/api/technician/bank-accounts/{id},Not Started
18,Technician,Bank Accounts,DELETE,/api/technician/bank-accounts/{id},Not Started
19,Technician,Availability & Scheduling,GET,/api/technician/availability,Not Started
20,Technician,Availability & Scheduling,PUT,/api/technician/availability,Not Started
21,Technician,Availability & Scheduling,GET,/api/technician/schedule,Not Started
22,Technician,Availability & Scheduling,POST,/api/technician/breaks,Not Started
23,Technician,Availability & Scheduling,POST,/api/technician/vacations,Not Started
24,Technician,Job History,GET,/api/technician/jobs/history,Not Started
25,Technician,Job History,GET,/api/technician/jobs/history/{id},Not Started
26,Technician,Job History,GET,/api/technician/jobs/history/export,Not Started
27,Technician,Tasks Management,GET,/api/technician/tasks,Not Started
28,Technician,Tasks Management,GET,/api/technician/tasks/{id},Not Started
29,Technician,Tasks Management,PUT,/api/technician/tasks/{id}/status,Not Started
30,Technician,Tasks Management,POST,/api/technician/tasks/{id}/accept-reject,Not Started
31,Technician,Help & Support,GET,/api/technician/support/help-center,Not Started
32,Technician,Help & Support,POST,/api/technician/support/tickets,Not Started
33,Area Manager,Dashboard Overview,GET,/api/area-manager/dashboard/summary,Not Started
34,Area Manager,Dashboard Overview,GET,/api/area-manager/dashboard/kpis,Not Started
35,Area Manager,Dashboard Overview,GET,/api/area-manager/dashboard/active-regions,Not Started
36,Area Manager,Dashboard Overview,GET,/api/area-manager/dashboard/alerts,Not Started
37,Area Manager,Team Leaders Management,GET,/api/area-manager/team-leaders,Not Started
38,Area Manager,Team Leaders Management,POST,/api/area-manager/team-leaders,Not Started
39,Area Manager,Team Leaders Management,GET,/api/area-manager/team-leaders/{id},Not Started
40,Area Manager,Team Leaders Management,PUT,/api/area-manager/team-leaders/{id},Not Started
41,Area Manager,Team Leaders Management,DELETE,/api/area-manager/team-leaders/{id},Not Started
42,Area Manager,Region Map,GET,/api/area-manager/regions,Not Started
43,Area Manager,Region Map,GET,/api/area-manager/regions/{id}/map-data,Not Started
44,Area Manager,Region Map,GET,/api/area-manager/regions/{id}/live-status,Not Started
45,Area Manager,Region Map,GET,/api/area-manager/regions/{id}/technicians,Not Started
46,Area Manager,Analytics,GET,/api/area-manager/analytics/performance,Not Started
47,Area Manager,Analytics,GET,/api/area-manager/analytics/visits,Not Started
48,Area Manager,Analytics,GET,/api/area-manager/analytics/revenue,Not Started
49,Area Manager,Analytics,GET,/api/area-manager/analytics/customer-satisfaction,Not Started
50,Area Manager,Reports,GET,/api/area-manager/reports,Not Started
51,Area Manager,Reports,POST,/api/area-manager/reports/generate,Not Started
52,Area Manager,Reports,GET,/api/area-manager/reports/{id},Not Started
53,Area Manager,Reports,GET,/api/area-manager/reports/{id}/download,Not Started
54,Area Manager,Profile,GET,/api/area-manager/profile,Not Started
55,Area Manager,Profile,PUT,/api/area-manager/profile,Not Started
56,Area Manager,Profile,PUT,/api/area-manager/profile/password,Not Started
57,Supervisor,Dashboard Overview,GET,/api/supervisor/dashboard/summary,Not Started
58,Supervisor,Dashboard Overview,GET,/api/supervisor/dashboard/kpis,Not Started
59,Supervisor,Dashboard Overview,GET,/api/supervisor/dashboard/team-status,Not Started
60,Supervisor,Dashboard Overview,GET,/api/supervisor/dashboard/alerts,Not Started
61,Supervisor,Team Statistics,GET,/api/supervisor/team/statistics,Not Started
62,Supervisor,Team Statistics,GET,/api/supervisor/team/performance,Not Started
63,Supervisor,Team Statistics,GET,/api/supervisor/team/attendance,Not Started
64,Supervisor,Team Statistics,GET,/api/supervisor/team/workload,Not Started
65,Supervisor,Assign Technician,GET,/api/supervisor/assignments/pending,Not Started
66,Supervisor,Assign Technician,POST,/api/supervisor/assignments,Not Started
67,Supervisor,Assign Technician,PUT,/api/supervisor/assignments/{id},Not Started
68,Supervisor,Assign Technician,POST,/api/supervisor/assignments/{id}/reassign,Not Started
69,Supervisor,Reports,GET,/api/supervisor/reports,Not Started
70,Supervisor,Reports,POST,/api/supervisor/reports/generate,Not Started
71,Supervisor,Reports,GET,/api/supervisor/reports/{id},Not Started
72,Supervisor,Reports,GET,/api/supervisor/reports/{id}/download,Not Started
73,Supervisor,Profile,GET,/api/supervisor/profile,Not Started
74,Supervisor,Profile,PUT,/api/supervisor/profile,Not Started
75,Supervisor,Profile,PUT,/api/supervisor/profile/password,Not Started
76,Supervisor,Profile,GET,/api/supervisor/profile/preferences,Not Started
77,HR Manager,Dashboard Overview,GET,/api/hr/dashboard/summary,Not Started
78,HR Manager,Dashboard Overview,GET,/api/hr/dashboard/kpis,Not Started
79,HR Manager,Dashboard Overview,GET,/api/hr/dashboard/attendance-overview,Not Started
80,HR Manager,Dashboard Overview,GET,/api/hr/dashboard/alerts,Not Started
81,HR Manager,Employee Management Expansion,GET,/api/hr/employees,Not Started
82,HR Manager,Employee Management Expansion,POST,/api/hr/employees,Not Started
83,HR Manager,Employee Management Expansion,GET,/api/hr/employees/{id},Not Started
84,HR Manager,Employee Management Expansion,PUT,/api/hr/employees/{id},Not Started
85,HR Manager,Employee Management Expansion,DELETE,/api/hr/employees/{id},Not Started
86,HR Manager,Employee Management Expansion,POST,/api/hr/employees/{id}/status,Not Started
87,HR Manager,Leave Request System,GET,/api/hr/leaves,Not Started
88,HR Manager,Leave Request System,POST,/api/hr/leaves,Not Started
89,HR Manager,Leave Request System,GET,/api/hr/leaves/{id},Not Started
90,HR Manager,Leave Request System,PUT,/api/hr/leaves/{id},Not Started
91,HR Manager,Leave Request System,DELETE,/api/hr/leaves/{id},Not Started
92,HR Manager,Leave Request System,GET,/api/hr/leaves/balance/{employeeId},Not Started
93,HR Manager,Leave Approve/Reject,POST,/api/hr/leaves/{id}/approve,Not Started
94,HR Manager,Leave Approve/Reject,POST,/api/hr/leaves/{id}/reject,Not Started
95,HR Manager,Leave Approve/Reject,POST,/api/hr/leaves/{id}/cancel,Not Started
96,HR Manager,Leave Approve/Reject,GET,/api/hr/leaves/pending-approvals,Not Started
97,HR Manager,Visit Assignments,GET,/api/hr/visit-assignments,Not Started
98,HR Manager,Visit Assignments,POST,/api/hr/visit-assignments,Not Started
99,HR Manager,Visit Assignments,PUT,/api/hr/visit-assignments/{id},Not Started
100,HR Manager,Visit Assignments,DELETE,/api/hr/visit-assignments/{id},Not Started
101,HR Manager,Reports,GET,/api/hr/reports,Not Started
102,HR Manager,Reports,POST,/api/hr/reports/generate,Not Started
103,HR Manager,Reports,GET,/api/hr/reports/{id}/download,Not Started
104,HR Manager,Profile,GET,/api/hr/profile,Not Started
105,HR Manager,Profile,PUT,/api/hr/profile,Not Started
106,HR Manager,Profile,PUT,/api/hr/profile/password,Not Started


